job_id,title,url,date_posted,location,industry,employer,employment_type,salary,scraped_at,html_file,json_file,description_length,status
25045,TITLE,https://www.pngworkforce.com/jobs/view/people-culture-safeguarding-coordinator/25045,,"of Bougainville
 Central
 East Sepik
 East New Britain
 Eastern Highlands
 Enga
 Gulf
 Hela
 Jiwaka
 Madang
 Manus
 Milne Bay
 New Ireland
 Oro",,Employers / Agents,,",",2025-10-31T14:06:12.494181,html_output/job_25045.html,json_output/job_25045.json,5000,success
25044,"Executive Director - Investigation, Intelligence & Assessment Division - National Capital District, Papua New Guinea",https://www.pngworkforce.com/jobs/view/executive-director-investigation-intelligence-assessment-division/25044,,"of Bougainville
 Central
 East Sepik
 East New Britain
 Eastern Highlands
 Enga
 Gulf
 Hela
 Jiwaka
 Madang
 Manus
 Milne Bay
 New Ireland
 Oro",,Employers / Agents,,",",2025-10-31T14:06:15.608806,html_output/job_25044.html,json_output/job_25044.json,3774,success
25043,"Executive Director - Prevention & Engagement Division - National Capital District, Papua New Guinea",https://www.pngworkforce.com/jobs/view/executive-director-prevention-engagement-division/25043,,"of Bougainville
 Central
 East Sepik
 East New Britain
 Eastern Highlands
 Enga
 Gulf
 Hela
 Jiwaka
 Madang
 Manus
 Milne Bay
 New Ireland
 Oro",,Employers / Agents,,",",2025-10-31T14:06:18.987847,html_output/job_25043.html,json_output/job_25043.json,3628,success
25042,"Team Lead, Emergency Response - National Capital District, Morobe, Autonomous Region of Bougainville, East Sepik, East New Britain, Madang, Milne Bay, New Ireland, West New Britain, Western Highlands, Papua New Guinea, Papua New Guinea",https://www.pngworkforce.com/jobs/view/team-lead-emergency-response/25042,,of Bougainville,,Employers / Agents,,",",2025-10-31T14:06:22.260293,html_output/job_25042.html,json_output/job_25042.json,5000,success
25041,"Executive Director - Legal Services Division - National Capital District, Papua New Guinea",https://www.pngworkforce.com/jobs/view/executive-director-legal-services-division/25041,,"of Bougainville
 Central
 East Sepik
 East New Britain
 Eastern Highlands
 Enga
 Gulf
 Hela
 Jiwaka
 Madang
 Manus
 Milne Bay
 New Ireland
 Oro",,Employers / Agents,,",",2025-10-31T14:06:25.656417,html_output/job_25041.html,json_output/job_25041.json,3862,success
25040,Job Opportunity: Diesel Fitters,https://www.pngworkforce.com/jobs/view/diesel-fitter/25040,,"of Bougainville
 Central
 East Sepik
 East New Britain
 Eastern Highlands
 Enga
 Gulf
 Hela
 Jiwaka
 Madang
 Manus
 Milne Bay
 New Ireland
 Oro",,Employers / Agents,,",",2025-10-31T14:06:27.999005,html_output/job_25040.html,json_output/job_25040.json,3309,success
25039,Consultant – Early Warning Systems,https://www.pngworkforce.com/jobs/view/consultant-early-warning-systems/25039,,"of Bougainville
 Central
 East Sepik
 East New Britain
 Eastern Highlands
 Enga
 Gulf
 Hela
 Jiwaka
 Madang
 Manus
 Milne Bay
 New Ireland
 Oro",,Employers / Agents,,",",2025-10-31T14:06:31.241603,html_output/job_25039.html,json_output/job_25039.json,5000,success
25038,Tebbutt Research PNG - Graduate Field Coordinator,https://www.pngworkforce.com/jobs/view/graduate-field-coordinator/25038,,"of Bougainville
 Central
 East Sepik
 East New Britain
 Eastern Highlands
 Enga
 Gulf
 Hela
 Jiwaka
 Madang
 Manus
 Milne Bay
 New Ireland
 Oro",,Employers / Agents,,",",2025-10-31T14:06:34.465103,html_output/job_25038.html,json_output/job_25038.json,5000,success
25037,"Senior Expeditor – (LAE11000004) - Morobe, Papua New Guinea",https://www.pngworkforce.com/jobs/view/senior-expeditor-lae11000004/25037,,"of Bougainville
 Central
 East Sepik
 East New Britain
 Eastern Highlands
 Enga
 Gulf
 Hela
 Jiwaka
 Madang
 Manus
 Milne Bay
 New Ireland
 Oro",,Employers / Agents,,11000004,2025-10-31T14:06:37.623797,html_output/job_25037.html,json_output/job_25037.json,4901,success
25035,"Nurse - National Capital District, Papua New Guinea",https://www.pngworkforce.com/jobs/view/nurse/25035,,"of Bougainville
 Central
 East Sepik
 East New Britain
 Eastern Highlands
 Enga
 Gulf
 Hela
 Jiwaka
 Madang
 Manus
 Milne Bay
 New Ireland
 Oro",,Employers / Agents,,",",2025-10-31T14:06:40.735519,html_output/job_25035.html,json_output/job_25035.json,4043,success
25033,To Apply,https://www.pngworkforce.com/jobs/view/supervisor-dispatch/25033,,"of Bougainville
 Central
 East Sepik
 East New Britain
 Eastern Highlands
 Enga
 Gulf
 Hela
 Jiwaka
 Madang
 Manus
 Milne Bay
 New Ireland
 Oro",,Employers / Agents,,",",2025-10-31T14:06:44.049865,html_output/job_25033.html,json_output/job_25033.json,5000,success
25032,"Executive Director - National Capital District, Papua New Guinea",https://www.pngworkforce.com/jobs/view/executive-director/25032,,"of Bougainville
 Central
 East Sepik
 East New Britain
 Eastern Highlands
 Enga
 Gulf
 Hela
 Jiwaka
 Madang
 Manus
 Milne Bay
 New Ireland
 Oro",,Employers / Agents,,",",2025-10-31T14:06:47.239752,html_output/job_25032.html,json_output/job_25032.json,3703,success
25031,PROCUREMENT CLERK – FARM BASED,https://www.pngworkforce.com/jobs/view/procurement-clerk-farm-based/25031,,"of Bougainville
 Central
 East Sepik
 East New Britain
 Eastern Highlands
 Enga
 Gulf
 Hela
 Jiwaka
 Madang
 Manus
 Milne Bay
 New Ireland
 Oro",,Employers / Agents,,",",2025-10-31T14:06:50.521368,html_output/job_25031.html,json_output/job_25031.json,2882,success
25030,"Hose Shop Technician (8x) - Morobe, Papua New Guinea",https://www.pngworkforce.com/jobs/view/hose-shop-technician-8x/25030,,"of Bougainville
 Central
 East Sepik
 East New Britain
 Eastern Highlands
 Enga
 Gulf
 Hela
 Jiwaka
 Madang
 Manus
 Milne Bay
 New Ireland
 Oro",,Employers / Agents,,8,2025-10-31T14:06:53.707218,html_output/job_25030.html,json_output/job_25030.json,3842,success
25029,HSE Advisor,https://www.pngworkforce.com/jobs/view/hse-advisor/25029,,"of Bougainville
 Central
 East Sepik
 East New Britain
 Eastern Highlands
 Enga
 Gulf
 Hela
 Jiwaka
 Madang
 Manus
 Milne Bay
 New Ireland
 Oro",,Employers / Agents,,",",2025-10-31T14:06:56.810243,html_output/job_25029.html,json_output/job_25029.json,3815,success
25028,Logistics Supervisor,https://www.pngworkforce.com/jobs/view/logistics-supervisor/25028,,"of Bougainville
 Central
 East Sepik
 East New Britain
 Eastern Highlands
 Enga
 Gulf
 Hela
 Jiwaka
 Madang
 Manus
 Milne Bay
 New Ireland
 Oro",,Employers / Agents,,",",2025-10-31T14:06:59.998303,html_output/job_25028.html,json_output/job_25028.json,5000,success
25027,"Laboratory Technician  - National Capital District, Papua New Guinea",https://www.pngworkforce.com/jobs/view/laboratory-technician/25027,,"of Bougainville
 Central
 East Sepik
 East New Britain
 Eastern Highlands
 Enga
 Gulf
 Hela
 Jiwaka
 Madang
 Manus
 Milne Bay
 New Ireland
 Oro",,Employers / Agents,,",",2025-10-31T14:07:03.199564,html_output/job_25027.html,json_output/job_25027.json,3825,success
25026,"LECTURER, NURSING - National Capital District, Papua New Guinea",https://www.pngworkforce.com/jobs/view/lecturer-nursing/25026,,"of Bougainville
 Central
 East Sepik
 East New Britain
 Eastern Highlands
 Enga
 Gulf
 Hela
 Jiwaka
 Madang
 Manus
 Milne Bay
 New Ireland
 Oro",,Employers / Agents,,",",2025-10-31T14:07:06.334880,html_output/job_25026.html,json_output/job_25026.json,4344,success
25025,"Public Relations & Communication Manager - National Capital District, Papua New Guinea",https://www.pngworkforce.com/jobs/view/public-relations-communication-manager/25025,,"of Bougainville
 Central
 East Sepik
 East New Britain
 Eastern Highlands
 Enga
 Gulf
 Hela
 Jiwaka
 Madang
 Manus
 Milne Bay
 New Ireland
 Oro",,Employers / Agents,,",",2025-10-31T14:07:09.468934,html_output/job_25025.html,json_output/job_25025.json,3907,success
25023,"Logistics and Admin Officer - National Capital District, Papua New Guinea, Papua New Guinea",https://www.pngworkforce.com/jobs/view/logistics-and-admin-officer/25023,,"of Bougainville
 Central
 East Sepik
 East New Britain
 Eastern Highlands
 Enga
 Gulf
 Hela
 Jiwaka
 Madang
 Manus
 Milne Bay
 New Ireland
 Oro",,Employers / Agents,Full-Time,",",2025-10-31T14:07:12.919277,html_output/job_25023.html,json_output/job_25023.json,5000,success
25021,"Branch Manager - Madang, Papua New Guinea",https://www.pngworkforce.com/jobs/view/branch-manager/25021,,"of Bougainville
 Central
 East Sepik
 East New Britain
 Eastern Highlands
 Enga
 Gulf
 Hela
 Jiwaka
 Madang
 Manus
 Milne Bay
 New Ireland
 Oro",,Employers / Agents,,",",2025-10-31T14:07:16.116669,html_output/job_25021.html,json_output/job_25021.json,4589,success
25020,,https://www.pngworkforce.com/jobs/view/facility-maintenance-supervisor/25020,,"of Bougainville
 Central
 East Sepik
 East New Britain
 Eastern Highlands
 Enga
 Gulf
 Hela
 Jiwaka
 Madang
 Manus
 Milne Bay
 New Ireland
 Oro",,Employers / Agents,,",",2025-10-31T14:07:18.453546,html_output/job_25020.html,json_output/job_25020.json,4645,success
25019,"Finance Manager - Eastern Highlands, Papua New Guinea",https://www.pngworkforce.com/jobs/view/finance-manager/25019,,"of Bougainville
 Central
 East Sepik
 East New Britain
 Eastern Highlands
 Enga
 Gulf
 Hela
 Jiwaka
 Madang
 Manus
 Milne Bay
 New Ireland
 Oro",,Employers / Agents,Contract,",",2025-10-31T14:07:21.710487,html_output/job_25019.html,json_output/job_25019.json,5000,success
25018,"Project Officer - School Engagement - Autonomous Region of Bougainville, Papua New Guinea",https://www.pngworkforce.com/jobs/view/project-officer-school-engagement/25018,,of Bougainville,,Employers / Agents,,",",2025-10-31T14:07:25.018694,html_output/job_25018.html,json_output/job_25018.json,3756,success
25017,"PNG Regional Fleet Coordinator  - Papua New Guinea, Papua New Guinea",https://www.pngworkforce.com/jobs/view/png-regional-fleet-coordinator/25017,,"of Bougainville
 Central
 East Sepik
 East New Britain
 Eastern Highlands
 Enga
 Gulf
 Hela
 Jiwaka
 Madang
 Manus
 Milne Bay
 New Ireland
 Oro",,Employers / Agents,,",",2025-10-31T14:07:27.348608,html_output/job_25017.html,json_output/job_25017.json,5000,success
25016,This Isn’t a Desk Job. It’s a Fast Lane to Success.,https://www.pngworkforce.com/jobs/view/png-motors-automotive-sales-consultants/25016,,"of Bougainville
 Central
 East Sepik
 East New Britain
 Eastern Highlands
 Enga
 Gulf
 Hela
 Jiwaka
 Madang
 Manus
 Milne Bay
 New Ireland
 Oro",,Employers / Agents,,",",2025-10-31T14:07:30.518575,html_output/job_25016.html,json_output/job_25016.json,3385,success
25014,"Finance and Human Resources Officer  - National Capital District, Papua New Guinea, Papua New Guinea",https://www.pngworkforce.com/jobs/view/finance-and-human-resources-officer/25014,,"of Bougainville
 Central
 East Sepik
 East New Britain
 Eastern Highlands
 Enga
 Gulf
 Hela
 Jiwaka
 Madang
 Manus
 Milne Bay
 New Ireland
 Oro",,Employers / Agents,Full-Time,",",2025-10-31T14:07:32.858443,html_output/job_25014.html,json_output/job_25014.json,5000,success
25013,Join Our Team as a Senior Payroll Officer,https://www.pngworkforce.com/jobs/view/senior-payroll-officer/25013,,"of Bougainville
 Central
 East Sepik
 East New Britain
 Eastern Highlands
 Enga
 Gulf
 Hela
 Jiwaka
 Madang
 Manus
 Milne Bay
 New Ireland
 Oro",,Employers / Agents,,",",2025-10-31T14:07:35.999003,html_output/job_25013.html,json_output/job_25013.json,2648,success
25012,Position: Electrician,https://www.pngworkforce.com/jobs/view/electrician/25012,,"of Bougainville
 Central
 East Sepik
 East New Britain
 Eastern Highlands
 Enga
 Gulf
 Hela
 Jiwaka
 Madang
 Manus
 Milne Bay
 New Ireland
 Oro",,Employers / Agents,,",",2025-10-31T14:07:39.204612,html_output/job_25012.html,json_output/job_25012.json,2067,success
25011,Join PNG Motors as an Experienced Service Advisor – Be the Voice Our Customers Trust!,https://www.pngworkforce.com/jobs/view/service-advisor/25011,,"of Bougainville
 Central
 East Sepik
 East New Britain
 Eastern Highlands
 Enga
 Gulf
 Hela
 Jiwaka
 Madang
 Manus
 Milne Bay
 New Ireland
 Oro",,Employers / Agents,,",",2025-10-31T14:07:41.641255,html_output/job_25011.html,json_output/job_25011.json,3947,success
25010,"Niu Ford Senior Automotive Sales Consultants - National Capital District, Papua New Guinea",https://www.pngworkforce.com/jobs/view/niu-ford-senior-automotive-sales-consultants/25010,,"of Bougainville
 Central
 East Sepik
 East New Britain
 Eastern Highlands
 Enga
 Gulf
 Hela
 Jiwaka
 Madang
 Manus
 Milne Bay
 New Ireland
 Oro",,Employers / Agents,,",",2025-10-31T14:07:45.012672,html_output/job_25010.html,json_output/job_25010.json,2934,success
25008,Purchasing Officer,https://www.pngworkforce.com/jobs/view/purchasing-officer/25008,,"of Bougainville
 Central
 East Sepik
 East New Britain
 Eastern Highlands
 Enga
 Gulf
 Hela
 Jiwaka
 Madang
 Manus
 Milne Bay
 New Ireland
 Oro",,Employers / Agents,Contract,",",2025-10-31T14:07:48.190802,html_output/job_25008.html,json_output/job_25008.json,2468,success
25007,SAFETY OFFICERS,https://www.pngworkforce.com/jobs/view/safety-officers/25007,,"of Bougainville
 Central
 East Sepik
 East New Britain
 Eastern Highlands
 Enga
 Gulf
 Hela
 Jiwaka
 Madang
 Manus
 Milne Bay
 New Ireland
 Oro",,Employers / Agents,Contract,",",2025-10-31T14:07:51.415266,html_output/job_25007.html,json_output/job_25007.json,3492,success
25006,"Sales Representative - Tabubil - Western (Fly), Papua New Guinea",https://www.pngworkforce.com/jobs/view/sales-representative-tabubil/25006,,"of Bougainville
 Central
 East Sepik
 East New Britain
 Eastern Highlands
 Enga
 Gulf
 Hela
 Jiwaka
 Madang
 Manus
 Milne Bay
 New Ireland
 Oro",,Employers / Agents,,",",2025-10-31T14:07:53.789373,html_output/job_25006.html,json_output/job_25006.json,2590,success
25005,"Advisor, Contracts (Category Management) - National Capital District, Morobe, Autonomous Region of Bougainville, Central, East Sepik, East New Britain, Eastern Highlands, Madang, Milne Bay, New Ireland, Western Highlands, Papua New Guinea, Papua New Guinea",https://www.pngworkforce.com/jobs/view/advisor-contracts-category-management/25005,,of Bougainville,,Employers / Agents,Contract,",",2025-10-31T14:07:57.115480,html_output/job_25005.html,json_output/job_25005.json,5000,success
25004,Position: Reach Stacker Operator,https://www.pngworkforce.com/jobs/view/reach-stacker-operator/25004,,"of Bougainville
 Central
 East Sepik
 East New Britain
 Eastern Highlands
 Enga
 Gulf
 Hela
 Jiwaka
 Madang
 Manus
 Milne Bay
 New Ireland
 Oro",,Employers / Agents,,",",2025-10-31T14:08:00.506856,html_output/job_25004.html,json_output/job_25004.json,3516,success
25003,DRAFTSMAN DETAILER,https://www.pngworkforce.com/jobs/view/draftsman-detailer/25003,,"of Bougainville
 Central
 East Sepik
 East New Britain
 Eastern Highlands
 Enga
 Gulf
 Hela
 Jiwaka
 Madang
 Manus
 Milne Bay
 New Ireland
 Oro",,Employers / Agents,,",",2025-10-31T14:08:03.750327,html_output/job_25003.html,json_output/job_25003.json,3005,success
25002,INVENTORY CLERK – FARM BASED,https://www.pngworkforce.com/jobs/view/inventory-clerk-farm-based/25002,,"of Bougainville
 Central
 East Sepik
 East New Britain
 Eastern Highlands
 Enga
 Gulf
 Hela
 Jiwaka
 Madang
 Manus
 Milne Bay
 New Ireland
 Oro",,Employers / Agents,,",",2025-10-31T14:08:06.126371,html_output/job_25002.html,json_output/job_25002.json,2748,success
25001,"Shotcreter 1 - Eastern Highlands, Eastern Highlands, Papua New Guinea",https://www.pngworkforce.com/jobs/view/shotcreter-1/25001,,"of Bougainville
 Central
 East Sepik
 East New Britain
 Eastern Highlands
 Enga
 Gulf
 Hela
 Jiwaka
 Madang
 Manus
 Milne Bay
 New Ireland
 Oro",,Employers / Agents,Permanent,1,2025-10-31T14:08:08.821320,html_output/job_25001.html,json_output/job_25001.json,4393,success
25000,"Chief Operating Officer - Financial Services - National Capital District, Papua New Guinea",https://www.pngworkforce.com/jobs/view/chief-operating-officer-financial-services/25000,,"of Bougainville
 Central
 East Sepik
 East New Britain
 Eastern Highlands
 Enga
 Gulf
 Hela
 Jiwaka
 Madang
 Manus
 Milne Bay
 New Ireland
 Oro",,Employers / Agents,,",",2025-10-31T14:08:11.220539,html_output/job_25000.html,json_output/job_25000.json,3887,success
24999,"Systems Administrator - National Capital District, Papua New Guinea",https://www.pngworkforce.com/jobs/view/systems-administrator/24999,,"of Bougainville
 Central
 East Sepik
 East New Britain
 Eastern Highlands
 Enga
 Gulf
 Hela
 Jiwaka
 Madang
 Manus
 Milne Bay
 New Ireland
 Oro",,Employers / Agents,,",",2025-10-31T14:08:14.405333,html_output/job_24999.html,json_output/job_24999.json,4245,success
24996,"HID2570 – INVESTIGATOR - Morobe, Papua New Guinea",https://www.pngworkforce.com/jobs/view/hid2570-investigator/24996,,"of Bougainville
 Central
 East Sepik
 East New Britain
 Eastern Highlands
 Enga
 Gulf
 Hela
 Jiwaka
 Madang
 Manus
 Milne Bay
 New Ireland
 Oro",,Employers / Agents,,2570,2025-10-31T14:08:17.637939,html_output/job_24996.html,json_output/job_24996.json,3896,success
24995,Finance Officer,https://www.pngworkforce.com/jobs/view/finance-officer/24995,,"of Bougainville
 Central
 East Sepik
 East New Britain
 Eastern Highlands
 Enga
 Gulf
 Hela
 Jiwaka
 Madang
 Manus
 Milne Bay
 New Ireland
 Oro",,Employers / Agents,,",",2025-10-31T14:08:20.016451,html_output/job_24995.html,json_output/job_24995.json,5000,success
24994,Health and Nutrition Officer,https://www.pngworkforce.com/jobs/view/health-and-nutrition-officer/24994,,"of Bougainville
 Central
 East Sepik
 East New Britain
 Eastern Highlands
 Enga
 Gulf
 Hela
 Jiwaka
 Madang
 Manus
 Milne Bay
 New Ireland
 Oro",,Employers / Agents,,",",2025-10-31T14:08:23.300593,html_output/job_24994.html,json_output/job_24994.json,5000,success
24993,Deputy Team Leader - Technical,https://www.pngworkforce.com/jobs/view/deputy-team-leader-technical/24993,,"of Bougainville
 Central
 East Sepik
 East New Britain
 Eastern Highlands
 Enga
 Gulf
 Hela
 Jiwaka
 Madang
 Manus
 Milne Bay
 New Ireland
 Oro",,Employers / Agents,,",",2025-10-31T14:08:25.680501,html_output/job_24993.html,json_output/job_24993.json,5000,success
24991,POSITION VACANCY,https://www.pngworkforce.com/jobs/view/professor-associate-professor-senior-lecturer-in-physical-chemistry/24991,,"of Bougainville
 Central
 East Sepik
 East New Britain
 Eastern Highlands
 Enga
 Gulf
 Hela
 Jiwaka
 Madang
 Manus
 Milne Bay
 New Ireland
 Oro",,Employers / Agents,,",",2025-10-31T14:08:28.950154,html_output/job_24991.html,json_output/job_24991.json,2950,success
24990,POSITION VACANCY,https://www.pngworkforce.com/jobs/view/lecturer-i-in-food-technology/24990,,"of Bougainville
 Central
 East Sepik
 East New Britain
 Eastern Highlands
 Enga
 Gulf
 Hela
 Jiwaka
 Madang
 Manus
 Milne Bay
 New Ireland
 Oro",,Employers / Agents,,",",2025-10-31T14:08:31.295070,html_output/job_24990.html,json_output/job_24990.json,2744,success
24989,POSITION VACANCY,https://www.pngworkforce.com/jobs/view/professor-associate-professor-senior-lecturer-in-food-engineering/24989,,"of Bougainville
 Central
 East Sepik
 East New Britain
 Eastern Highlands
 Enga
 Gulf
 Hela
 Jiwaka
 Madang
 Manus
 Milne Bay
 New Ireland
 Oro",,Employers / Agents,,",",2025-10-31T14:08:34.429385,html_output/job_24989.html,json_output/job_24989.json,2939,success
24988,"Technician Processing  - National Capital District, Morobe, Autonomous Region of Bougainville, East Sepik, East New Britain, Madang, Milne Bay, New Ireland, West New Britain, Western Highlands, Papua New Guinea, Papua New Guinea",https://www.pngworkforce.com/jobs/view/technician-processing/24988,,of Bougainville,,Employers / Agents,,",",2025-10-31T14:08:37.656379,html_output/job_24988.html,json_output/job_24988.json,5000,success
24987,POSITION VACANCY,https://www.pngworkforce.com/jobs/view/professor-associate-professor-senior-lecturer-in-food-chemistry/24987,,"of Bougainville
 Central
 East Sepik
 East New Britain
 Eastern Highlands
 Enga
 Gulf
 Hela
 Jiwaka
 Madang
 Manus
 Milne Bay
 New Ireland
 Oro",,Employers / Agents,,",",2025-10-31T14:08:40.788430,html_output/job_24987.html,json_output/job_24987.json,2930,success
24986,"Carpenter - National Capital District, Papua New Guinea",https://www.pngworkforce.com/jobs/view/carpenter/24986,,"of Bougainville
 Central
 East Sepik
 East New Britain
 Eastern Highlands
 Enga
 Gulf
 Hela
 Jiwaka
 Madang
 Manus
 Milne Bay
 New Ireland
 Oro",,Employers / Agents,,",",2025-10-31T14:08:43.999496,html_output/job_24986.html,json_output/job_24986.json,3116,success
24985,Position: ASSISTANT CREWING MANAGER,https://www.pngworkforce.com/jobs/view/assistant-crewing-manager/24985,,"of Bougainville
 Central
 East Sepik
 East New Britain
 Eastern Highlands
 Enga
 Gulf
 Hela
 Jiwaka
 Madang
 Manus
 Milne Bay
 New Ireland
 Oro",,Employers / Agents,,",",2025-10-31T14:08:47.193186,html_output/job_24985.html,json_output/job_24985.json,3414,success
24983,CCTV technician - Job Description,https://www.pngworkforce.com/jobs/view/lae-cctv-technician/24983,,"of Bougainville
 Central
 East Sepik
 East New Britain
 Eastern Highlands
 Enga
 Gulf
 Hela
 Jiwaka
 Madang
 Manus
 Milne Bay
 New Ireland
 Oro",,Employers / Agents,,",",2025-10-31T14:08:50.384062,html_output/job_24983.html,json_output/job_24983.json,5000,success
24981,"Trainer - Processing - Eastern Highlands, Eastern Highlands, Papua New Guinea",https://www.pngworkforce.com/jobs/view/trainer-processing/24981,,"of Bougainville
 Central
 East Sepik
 East New Britain
 Eastern Highlands
 Enga
 Gulf
 Hela
 Jiwaka
 Madang
 Manus
 Milne Bay
 New Ireland
 Oro",,Employers / Agents,Permanent,",",2025-10-31T14:08:52.780632,html_output/job_24981.html,json_output/job_24981.json,5000,success
24980,"Project Officer - CIRCAR - Morobe, Papua New Guinea",https://www.pngworkforce.com/jobs/view/project-officer-circar/24980,,"of Bougainville
 Central
 East Sepik
 East New Britain
 Eastern Highlands
 Enga
 Gulf
 Hela
 Jiwaka
 Madang
 Manus
 Milne Bay
 New Ireland
 Oro",,Employers / Agents,,",",2025-10-31T14:08:55.112634,html_output/job_24980.html,json_output/job_24980.json,5000,success
24979,To Apply,https://www.pngworkforce.com/jobs/view/senior-mechanic-heavy-equipment/24979,,"of Bougainville
 Central
 East Sepik
 East New Britain
 Eastern Highlands
 Enga
 Gulf
 Hela
 Jiwaka
 Madang
 Manus
 Milne Bay
 New Ireland
 Oro",,Employers / Agents,,",",2025-10-31T14:08:58.439959,html_output/job_24979.html,json_output/job_24979.json,4300,success
24978,To Apply,https://www.pngworkforce.com/jobs/view/security-admin-receptionist/24978,,"of Bougainville
 Central
 East Sepik
 East New Britain
 Eastern Highlands
 Enga
 Gulf
 Hela
 Jiwaka
 Madang
 Manus
 Milne Bay
 New Ireland
 Oro",,Employers / Agents,,",",2025-10-31T14:09:02.074707,html_output/job_24978.html,json_output/job_24978.json,5000,success
24977,To Apply,https://www.pngworkforce.com/jobs/view/landscaper/24977,,"of Bougainville
 Central
 East Sepik
 East New Britain
 Eastern Highlands
 Enga
 Gulf
 Hela
 Jiwaka
 Madang
 Manus
 Milne Bay
 New Ireland
 Oro",,Employers / Agents,,",",2025-10-31T14:09:05.286432,html_output/job_24977.html,json_output/job_24977.json,4075,success
24976,To Apply,https://www.pngworkforce.com/jobs/view/ict-manager/24976,,"of Bougainville
 Central
 East Sepik
 East New Britain
 Eastern Highlands
 Enga
 Gulf
 Hela
 Jiwaka
 Madang
 Manus
 Milne Bay
 New Ireland
 Oro",,Employers / Agents,,",",2025-10-31T14:09:08.472089,html_output/job_24976.html,json_output/job_24976.json,3406,success
24975,To Apply,https://www.pngworkforce.com/jobs/view/genset-maintenance-technician/24975,,"of Bougainville
 Central
 East Sepik
 East New Britain
 Eastern Highlands
 Enga
 Gulf
 Hela
 Jiwaka
 Madang
 Manus
 Milne Bay
 New Ireland
 Oro",,Employers / Agents,,",",2025-10-31T14:09:10.865486,html_output/job_24975.html,json_output/job_24975.json,4441,success
24974,To Apply,https://www.pngworkforce.com/jobs/view/exterior-carpenter/24974,,"of Bougainville
 Central
 East Sepik
 East New Britain
 Eastern Highlands
 Enga
 Gulf
 Hela
 Jiwaka
 Madang
 Manus
 Milne Bay
 New Ireland
 Oro",,Employers / Agents,,",",2025-10-31T14:09:13.234000,html_output/job_24974.html,json_output/job_24974.json,2940,success
24973,To Apply,https://www.pngworkforce.com/jobs/view/excavator-operator/24973,,"of Bougainville
 Central
 East Sepik
 East New Britain
 Eastern Highlands
 Enga
 Gulf
 Hela
 Jiwaka
 Madang
 Manus
 Milne Bay
 New Ireland
 Oro",,Employers / Agents,,",",2025-10-31T14:09:15.581335,html_output/job_24973.html,json_output/job_24973.json,3779,success
24972,To Apply,https://www.pngworkforce.com/jobs/view/civil-works-infrastructure-engineer/24972,,"of Bougainville
 Central
 East Sepik
 East New Britain
 Eastern Highlands
 Enga
 Gulf
 Hela
 Jiwaka
 Madang
 Manus
 Milne Bay
 New Ireland
 Oro",,Employers / Agents,,",",2025-10-31T14:09:18.923544,html_output/job_24972.html,json_output/job_24972.json,5000,success
24971,Position: Assistant Coordinator,https://www.pngworkforce.com/jobs/view/assistant-coordinator/24971,,"of Bougainville
 Central
 East Sepik
 East New Britain
 Eastern Highlands
 Enga
 Gulf
 Hela
 Jiwaka
 Madang
 Manus
 Milne Bay
 New Ireland
 Oro",,Employers / Agents,,",",2025-10-31T14:09:21.355375,html_output/job_24971.html,json_output/job_24971.json,4592,success
24969,"General Manager - Diversified Business - Morobe, Papua New Guinea",https://www.pngworkforce.com/jobs/view/general-manager-diversified-business/24969,,"of Bougainville
 Central
 East Sepik
 East New Britain
 Eastern Highlands
 Enga
 Gulf
 Hela
 Jiwaka
 Madang
 Manus
 Milne Bay
 New Ireland
 Oro",,Employers / Agents,,",",2025-10-31T14:09:27.104695,html_output/job_24969.html,json_output/job_24969.json,3647,success
24967,POSITION:Principal - Balimo College School of Nursing,https://www.pngworkforce.com/jobs/view/principal-balimo-college-school-of-nursing/24967,,"of Bougainville
 Central
 East Sepik
 East New Britain
 Eastern Highlands
 Enga
 Gulf
 Hela
 Jiwaka
 Madang
 Manus
 Milne Bay
 New Ireland
 Oro",,Employers / Agents,,",",2025-10-31T14:09:30.525850,html_output/job_24967.html,json_output/job_24967.json,5000,success
24966,"Non Executive Director - National Capital District, Papua New Guinea",https://www.pngworkforce.com/jobs/view/non-executive-director/24966,,"of Bougainville
 Central
 East Sepik
 East New Britain
 Eastern Highlands
 Enga
 Gulf
 Hela
 Jiwaka
 Madang
 Manus
 Milne Bay
 New Ireland
 Oro",,Employers / Agents,,",",2025-10-31T14:09:32.882028,html_output/job_24966.html,json_output/job_24966.json,3382,success
24964,"Commercial Analyst - National Capital District, Papua New Guinea",https://www.pngworkforce.com/jobs/view/commercial-analyst/24964,,"of Bougainville
 Central
 East Sepik
 East New Britain
 Eastern Highlands
 Enga
 Gulf
 Hela
 Jiwaka
 Madang
 Manus
 Milne Bay
 New Ireland
 Oro",,Employers / Agents,,",",2025-10-31T14:09:35.262261,html_output/job_24964.html,json_output/job_24964.json,4012,success
24962,"Digital Content Creator (Automotive Dealership) - National Capital District, Papua New Guinea",https://www.pngworkforce.com/jobs/view/digital-content-creator-automotive-dealership/24962,,"of Bougainville
 Central
 East Sepik
 East New Britain
 Eastern Highlands
 Enga
 Gulf
 Hela
 Jiwaka
 Madang
 Manus
 Milne Bay
 New Ireland
 Oro",,Employers / Agents,,",",2025-10-31T14:09:38.749062,html_output/job_24962.html,json_output/job_24962.json,3988,success
24961,"Gym Attendant - National Capital District, Papua New Guinea",https://www.pngworkforce.com/jobs/view/gym-attendant/24961,,"of Bougainville
 Central
 East Sepik
 East New Britain
 Eastern Highlands
 Enga
 Gulf
 Hela
 Jiwaka
 Madang
 Manus
 Milne Bay
 New Ireland
 Oro",,Employers / Agents,Full-Time,",",2025-10-31T14:09:41.939519,html_output/job_24961.html,json_output/job_24961.json,2999,success
24960,"Operations Control Officer - National Capital District, Papua New Guinea",https://www.pngworkforce.com/jobs/view/operations-control-officer/24960,,"of Bougainville
 Central
 East Sepik
 East New Britain
 Eastern Highlands
 Enga
 Gulf
 Hela
 Jiwaka
 Madang
 Manus
 Milne Bay
 New Ireland
 Oro",,Employers / Agents,,",",2025-10-31T14:09:44.526306,html_output/job_24960.html,json_output/job_24960.json,4414,success
24959,"Load Control Officer - National Capital District, Papua New Guinea",https://www.pngworkforce.com/jobs/view/load-control-officer/24959,,"of Bougainville
 Central
 East Sepik
 East New Britain
 Eastern Highlands
 Enga
 Gulf
 Hela
 Jiwaka
 Madang
 Manus
 Milne Bay
 New Ireland
 Oro",,Employers / Agents,,",",2025-10-31T14:09:47.669143,html_output/job_24959.html,json_output/job_24959.json,3039,success
24958,"Diamond Driller - Surface - Eastern Highlands, Eastern Highlands, Papua New Guinea",https://www.pngworkforce.com/jobs/view/diamond-driller-surface/24958,,"of Bougainville
 Central
 East Sepik
 East New Britain
 Eastern Highlands
 Enga
 Gulf
 Hela
 Jiwaka
 Madang
 Manus
 Milne Bay
 New Ireland
 Oro",,Employers / Agents,Permanent,",",2025-10-31T14:09:50.863442,html_output/job_24958.html,json_output/job_24958.json,3395,success
24957,"Position: LOGISTICS OFFICER, West New Britain Province (Kimbe)",https://www.pngworkforce.com/jobs/view/logistics-officer-west-new-britain-province-kimbe/24957,,"of Bougainville
 Central
 East Sepik
 East New Britain
 Eastern Highlands
 Enga
 Gulf
 Hela
 Jiwaka
 Madang
 Manus
 Milne Bay
 New Ireland
 Oro",,Employers / Agents,,",",2025-10-31T14:09:54.060194,html_output/job_24957.html,json_output/job_24957.json,2744,success
24956,To Apply,https://www.pngworkforce.com/jobs/view/administration-logistics-officer/24956,,"of Bougainville
 Central
 East Sepik
 East New Britain
 Eastern Highlands
 Enga
 Gulf
 Hela
 Jiwaka
 Madang
 Manus
 Milne Bay
 New Ireland
 Oro",,Employers / Agents,,",",2025-10-31T14:09:57.297992,html_output/job_24956.html,json_output/job_24956.json,5000,success
24955,Facilities and Vehicles Manager,https://www.pngworkforce.com/jobs/view/facilities-and-vehicles-manager/24955,,"of Bougainville
 Central
 East Sepik
 East New Britain
 Eastern Highlands
 Enga
 Gulf
 Hela
 Jiwaka
 Madang
 Manus
 Milne Bay
 New Ireland
 Oro",,Employers / Agents,,1,2025-10-31T14:09:59.617980,html_output/job_24955.html,json_output/job_24955.json,3024,success
24954,"Blow Mould Operator - Morobe, Papua New Guinea",https://www.pngworkforce.com/jobs/view/blow-mould-operator/24954,,"of Bougainville
 Central
 East Sepik
 East New Britain
 Eastern Highlands
 Enga
 Gulf
 Hela
 Jiwaka
 Madang
 Manus
 Milne Bay
 New Ireland
 Oro",,Employers / Agents,,",",2025-10-31T14:10:02.009419,html_output/job_24954.html,json_output/job_24954.json,4655,success
24953,"General Manager Corporate Services - National Capital District, Papua New Guinea",https://www.pngworkforce.com/jobs/view/general-manager-corporate-services/24953,,"of Bougainville
 Central
 East Sepik
 East New Britain
 Eastern Highlands
 Enga
 Gulf
 Hela
 Jiwaka
 Madang
 Manus
 Milne Bay
 New Ireland
 Oro",,Employers / Agents,,",",2025-10-31T14:10:06.162775,html_output/job_24953.html,json_output/job_24953.json,5000,success
24951,Provincial Coordinator – ENB,https://www.pngworkforce.com/jobs/view/provincial-coordinator-enb/24951,,"of Bougainville
 Central
 East Sepik
 East New Britain
 Eastern Highlands
 Enga
 Gulf
 Hela
 Jiwaka
 Madang
 Manus
 Milne Bay
 New Ireland
 Oro",,Employers / Agents,,",",2025-10-31T14:10:14.535434,html_output/job_24951.html,json_output/job_24951.json,5000,success
24950,"Sales Officer- Madang  - Madang, Papua New Guinea",https://www.pngworkforce.com/jobs/view/sales-officer-madang/24950,,"of Bougainville
 Central
 East Sepik
 East New Britain
 Eastern Highlands
 Enga
 Gulf
 Hela
 Jiwaka
 Madang
 Manus
 Milne Bay
 New Ireland
 Oro",,Employers / Agents,,",",2025-10-31T14:10:16.868050,html_output/job_24950.html,json_output/job_24950.json,2743,success
24949,"Mechanic- Madang  - Madang, Papua New Guinea",https://www.pngworkforce.com/jobs/view/mechanic-madang/24949,,"of Bougainville
 Central
 East Sepik
 East New Britain
 Eastern Highlands
 Enga
 Gulf
 Hela
 Jiwaka
 Madang
 Manus
 Milne Bay
 New Ireland
 Oro",,Employers / Agents,,",",2025-10-31T14:10:21.675462,html_output/job_24949.html,json_output/job_24949.json,3419,success
24948,"Depot Supervisor- Madang  - Madang, Papua New Guinea",https://www.pngworkforce.com/jobs/view/depot-supervisor-madang/24948,,"of Bougainville
 Central
 East Sepik
 East New Britain
 Eastern Highlands
 Enga
 Gulf
 Hela
 Jiwaka
 Madang
 Manus
 Milne Bay
 New Ireland
 Oro",,Employers / Agents,,",",2025-10-31T14:10:24.047653,html_output/job_24948.html,json_output/job_24948.json,3807,success
24947,"HID6509 – PROJECT OFFICER - Morobe, Papua New Guinea",https://www.pngworkforce.com/jobs/view/hid6509-project-officer/24947,,"of Bougainville
 Central
 East Sepik
 East New Britain
 Eastern Highlands
 Enga
 Gulf
 Hela
 Jiwaka
 Madang
 Manus
 Milne Bay
 New Ireland
 Oro",,Employers / Agents,,6509,2025-10-31T14:10:26.402629,html_output/job_24947.html,json_output/job_24947.json,4174,success
24946,Compliance Officer,https://www.pngworkforce.com/jobs/view/compliance-officer/24946,,"of Bougainville
 Central
 East Sepik
 East New Britain
 Eastern Highlands
 Enga
 Gulf
 Hela
 Jiwaka
 Madang
 Manus
 Milne Bay
 New Ireland
 Oro",,Employers / Agents,,",",2025-10-31T14:10:31.515875,html_output/job_24946.html,json_output/job_24946.json,3094,success
24945,Risk Officer,https://www.pngworkforce.com/jobs/view/risk-officer/24945,,"of Bougainville
 Central
 East Sepik
 East New Britain
 Eastern Highlands
 Enga
 Gulf
 Hela
 Jiwaka
 Madang
 Manus
 Milne Bay
 New Ireland
 Oro",,Employers / Agents,,",",2025-10-31T14:10:33.880357,html_output/job_24945.html,json_output/job_24945.json,3380,success
24944,Policy Officer,https://www.pngworkforce.com/jobs/view/policy-officer/24944,,"of Bougainville
 Central
 East Sepik
 East New Britain
 Eastern Highlands
 Enga
 Gulf
 Hela
 Jiwaka
 Madang
 Manus
 Milne Bay
 New Ireland
 Oro",,Employers / Agents,,",",2025-10-31T14:10:37.565501,html_output/job_24944.html,json_output/job_24944.json,3221,success
24942,"MIS - Reporting Specialist - National Capital District, Papua New Guinea",https://www.pngworkforce.com/jobs/view/mis-reporting-specialist/24942,,"of Bougainville
 Central
 East Sepik
 East New Britain
 Eastern Highlands
 Enga
 Gulf
 Hela
 Jiwaka
 Madang
 Manus
 Milne Bay
 New Ireland
 Oro",,Employers / Agents,,",",2025-10-31T14:10:40.014479,html_output/job_24942.html,json_output/job_24942.json,3990,success
24941,"Accounts / Finance Assistant - National Capital District, Papua New Guinea",https://www.pngworkforce.com/jobs/view/accounts-finance-assistant/24941,,"of Bougainville
 Central
 East Sepik
 East New Britain
 Eastern Highlands
 Enga
 Gulf
 Hela
 Jiwaka
 Madang
 Manus
 Milne Bay
 New Ireland
 Oro",,Employers / Agents,,",",2025-10-31T14:10:42.348075,html_output/job_24941.html,json_output/job_24941.json,2168,success
24939,"Technical Officer in Food Technology - Morobe, Papua New Guinea",https://www.pngworkforce.com/jobs/view/technical-officer-in-food-technology/24939,,"of Bougainville
 Central
 East Sepik
 East New Britain
 Eastern Highlands
 Enga
 Gulf
 Hela
 Jiwaka
 Madang
 Manus
 Milne Bay
 New Ireland
 Oro",,Employers / Agents,,",",2025-10-31T14:10:45.641609,html_output/job_24939.html,json_output/job_24939.json,4441,success
24938,"Technical Officer in Applied Chemistry - Morobe, Papua New Guinea",https://www.pngworkforce.com/jobs/view/technical-officer-in-applied-chemistry/24938,,"of Bougainville
 Central
 East Sepik
 East New Britain
 Eastern Highlands
 Enga
 Gulf
 Hela
 Jiwaka
 Madang
 Manus
 Milne Bay
 New Ireland
 Oro",,Employers / Agents,,",",2025-10-31T14:10:49.036134,html_output/job_24938.html,json_output/job_24938.json,4350,success
24937,"Lab Technical Assistant - Morobe, Papua New Guinea",https://www.pngworkforce.com/jobs/view/lab-technical-assistant/24937,,"of Bougainville
 Central
 East Sepik
 East New Britain
 Eastern Highlands
 Enga
 Gulf
 Hela
 Jiwaka
 Madang
 Manus
 Milne Bay
 New Ireland
 Oro",,Employers / Agents,,",",2025-10-31T14:10:51.388770,html_output/job_24937.html,json_output/job_24937.json,3900,success
24935,"Systems Administrator - National Capital District, Papua New Guinea",https://www.pngworkforce.com/jobs/view/systems-administrator/24935,,"of Bougainville
 Central
 East Sepik
 East New Britain
 Eastern Highlands
 Enga
 Gulf
 Hela
 Jiwaka
 Madang
 Manus
 Milne Bay
 New Ireland
 Oro",,Employers / Agents,,",",2025-10-31T14:10:54.683697,html_output/job_24935.html,json_output/job_24935.json,4174,success
24934,"ICT Operations Lead - National Capital District, Papua New Guinea",https://www.pngworkforce.com/jobs/view/ict-operations-lead/24934,,"of Bougainville
 Central
 East Sepik
 East New Britain
 Eastern Highlands
 Enga
 Gulf
 Hela
 Jiwaka
 Madang
 Manus
 Milne Bay
 New Ireland
 Oro",,Employers / Agents,,",",2025-10-31T14:10:57.023518,html_output/job_24934.html,json_output/job_24934.json,5000,success
24933,Property & Logistics Manager,https://www.pngworkforce.com/jobs/view/property-logistics-manager/24933,,"of Bougainville
 Central
 East Sepik
 East New Britain
 Eastern Highlands
 Enga
 Gulf
 Hela
 Jiwaka
 Madang
 Manus
 Milne Bay
 New Ireland
 Oro",,Employers / Agents,,",",2025-10-31T14:10:59.475510,html_output/job_24933.html,json_output/job_24933.json,3211,success
24929,"Contracts Specialist - Team Leader - Eastern Highlands, Eastern Highlands, Papua New Guinea",https://www.pngworkforce.com/jobs/view/contracts-specialist-team-leader/24929,,"of Bougainville
 Central
 East Sepik
 East New Britain
 Eastern Highlands
 Enga
 Gulf
 Hela
 Jiwaka
 Madang
 Manus
 Milne Bay
 New Ireland
 Oro",,Employers / Agents,Contract,",",2025-10-31T14:11:02.924510,html_output/job_24929.html,json_output/job_24929.json,5000,success
24926,"University Librarian  - Morobe, Papua New Guinea",https://www.pngworkforce.com/jobs/view/university-librarian/24926,,"of Bougainville
 Central
 East Sepik
 East New Britain
 Eastern Highlands
 Enga
 Gulf
 Hela
 Jiwaka
 Madang
 Manus
 Milne Bay
 New Ireland
 Oro",,Employers / Agents,,",",2025-10-31T14:11:06.646870,html_output/job_24926.html,json_output/job_24926.json,5000,success
24925,"Procurement Manager - F&B - National Capital District, Papua New Guinea",https://www.pngworkforce.com/jobs/view/procurement-manager-f-b/24925,,"of Bougainville
 Central
 East Sepik
 East New Britain
 Eastern Highlands
 Enga
 Gulf
 Hela
 Jiwaka
 Madang
 Manus
 Milne Bay
 New Ireland
 Oro",,Employers / Agents,,",",2025-10-31T14:11:09.090709,html_output/job_24925.html,json_output/job_24925.json,3736,success
24924,"Environment, Social and Governance (ESG) Specialist - National Capital District, Papua New Guinea",https://www.pngworkforce.com/jobs/view/environment-social-and-governance-esg-specialist/24924,,"of Bougainville
 Central
 East Sepik
 East New Britain
 Eastern Highlands
 Enga
 Gulf
 Hela
 Jiwaka
 Madang
 Manus
 Milne Bay
 New Ireland
 Oro",,Employers / Agents,,",",2025-10-31T14:11:12.245810,html_output/job_24924.html,json_output/job_24924.json,3874,success
24922,"Admin Officer (Overseas Recruitment) - Morobe, Papua New Guinea",https://www.pngworkforce.com/jobs/view/admin-officer-overseas-recruitment/24922,,"of Bougainville
 Central
 East Sepik
 East New Britain
 Eastern Highlands
 Enga
 Gulf
 Hela
 Jiwaka
 Madang
 Manus
 Milne Bay
 New Ireland
 Oro",,Employers / Agents,,",",2025-10-31T14:11:15.869843,html_output/job_24922.html,json_output/job_24922.json,5000,success
24921,"HR Admin Officer - Milne Bay, Papua New Guinea",https://www.pngworkforce.com/jobs/view/hr-admin-officer/24921,,"of Bougainville
 Central
 East Sepik
 East New Britain
 Eastern Highlands
 Enga
 Gulf
 Hela
 Jiwaka
 Madang
 Manus
 Milne Bay
 New Ireland
 Oro",,Employers / Agents,,",",2025-10-31T14:11:19.107544,html_output/job_24921.html,json_output/job_24921.json,4568,success
24919,"Recruitment Advisor - Eastern Highlands, Eastern Highlands, Papua New Guinea",https://www.pngworkforce.com/jobs/view/recruitment-advisor/24919,,"of Bougainville
 Central
 East Sepik
 East New Britain
 Eastern Highlands
 Enga
 Gulf
 Hela
 Jiwaka
 Madang
 Manus
 Milne Bay
 New Ireland
 Oro",,Employers / Agents,Permanent,",",2025-10-31T14:11:24.856268,html_output/job_24919.html,json_output/job_24919.json,4061,success
24918,"Technician - Pump Fitter - Eastern Highlands, Eastern Highlands, Papua New Guinea",https://www.pngworkforce.com/jobs/view/technician-pump-fitter/24918,,"of Bougainville
 Central
 East Sepik
 East New Britain
 Eastern Highlands
 Enga
 Gulf
 Hela
 Jiwaka
 Madang
 Manus
 Milne Bay
 New Ireland
 Oro",,Employers / Agents,Permanent,",",2025-10-31T14:11:28.012979,html_output/job_24918.html,json_output/job_24918.json,4838,success
24917,Job Title: Sales Merchandiser (Madang Town Only),https://www.pngworkforce.com/jobs/view/sales-merchandiser-madang-town-only/24917,,"of Bougainville
 Central
 East Sepik
 East New Britain
 Eastern Highlands
 Enga
 Gulf
 Hela
 Jiwaka
 Madang
 Manus
 Milne Bay
 New Ireland
 Oro",,Employers / Agents,,",",2025-10-31T14:11:31.326912,html_output/job_24917.html,json_output/job_24917.json,3261,success
24899,Corporate Sales Representative- ALOTAU Branch,https://www.pngworkforce.com/jobs/view/corporate-sales-representative-alotau-branch/24899,,"of Bougainville
 Central
 East Sepik
 East New Britain
 Eastern Highlands
 Enga
 Gulf
 Hela
 Jiwaka
 Madang
 Manus
 Milne Bay
 New Ireland
 Oro",,Employers / Agents,,",",2025-10-31T14:12:00.921468,html_output/job_24899.html,json_output/job_24899.json,3247,success
24898,"General Manager - People & Culture - National Capital District, Papua New Guinea",https://www.pngworkforce.com/jobs/view/general-manager-people-culture/24898,,"of Bougainville
 Central
 East Sepik
 East New Britain
 Eastern Highlands
 Enga
 Gulf
 Hela
 Jiwaka
 Madang
 Manus
 Milne Bay
 New Ireland
 Oro",,Employers / Agents,,",",2025-10-31T14:12:04.600252,html_output/job_24898.html,json_output/job_24898.json,4429,success
24888,"Digital Transformation, EdTech & eLearning Roles, PNG - National Capital District, Papua New Guinea",https://www.pngworkforce.com/jobs/view/digital-transformation-edtech-elearning-roles-png/24888,,"of Bougainville
 Central
 East Sepik
 East New Britain
 Eastern Highlands
 Enga
 Gulf
 Hela
 Jiwaka
 Madang
 Manus
 Milne Bay
 New Ireland
 Oro",,Employers / Agents,,",",2025-10-31T14:12:07.987040,html_output/job_24888.html,json_output/job_24888.json,5000,success
24882,"Technician - LV Mechanic - Eastern Highlands, Eastern Highlands, Papua New Guinea",https://www.pngworkforce.com/jobs/view/technician-lv-mechanic/24882,,"of Bougainville
 Central
 East Sepik
 East New Britain
 Eastern Highlands
 Enga
 Gulf
 Hela
 Jiwaka
 Madang
 Manus
 Milne Bay
 New Ireland
 Oro",,Employers / Agents,Permanent,",",2025-10-31T14:12:11.246130,html_output/job_24882.html,json_output/job_24882.json,4609,success
24881,"Construction Supervisor - Underground - Eastern Highlands, Eastern Highlands, Papua New Guinea",https://www.pngworkforce.com/jobs/view/construction-supervisor-underground/24881,,"of Bougainville
 Central
 East Sepik
 East New Britain
 Eastern Highlands
 Enga
 Gulf
 Hela
 Jiwaka
 Madang
 Manus
 Milne Bay
 New Ireland
 Oro",,Employers / Agents,Permanent,",",2025-10-31T14:12:14.618534,html_output/job_24881.html,json_output/job_24881.json,4745,success
24877,"Drivers and Operators  - National Capital District, Papua New Guinea",https://www.pngworkforce.com/jobs/view/drivers-and-operators/24877,,"of Bougainville
 Central
 East Sepik
 East New Britain
 Eastern Highlands
 Enga
 Gulf
 Hela
 Jiwaka
 Madang
 Manus
 Milne Bay
 New Ireland
 Oro",,Employers / Agents,,",",2025-10-31T14:12:18.310267,html_output/job_24877.html,json_output/job_24877.json,2659,success
24870,"MECHANICAL SUPERVISOR - Morobe, Papua New Guinea",https://www.pngworkforce.com/jobs/view/mechanical-supervisor/24870,,"of Bougainville
 Central
 East Sepik
 East New Britain
 Eastern Highlands
 Enga
 Gulf
 Hela
 Jiwaka
 Madang
 Manus
 Milne Bay
 New Ireland
 Oro",,Employers / Agents,,",",2025-10-31T14:12:20.735186,html_output/job_24870.html,json_output/job_24870.json,3833,success
24867,"Kennel Master - Eastern Highlands, Eastern Highlands, Papua New Guinea",https://www.pngworkforce.com/jobs/view/kennel-master/24867,,"of Bougainville
 Central
 East Sepik
 East New Britain
 Eastern Highlands
 Enga
 Gulf
 Hela
 Jiwaka
 Madang
 Manus
 Milne Bay
 New Ireland
 Oro",,Employers / Agents,Permanent,",",2025-10-31T14:12:23.953895,html_output/job_24867.html,json_output/job_24867.json,3089,success
24866,"Officer - Safety - Eastern Highlands, Eastern Highlands, Papua New Guinea",https://www.pngworkforce.com/jobs/view/officer-safety/24866,,"of Bougainville
 Central
 East Sepik
 East New Britain
 Eastern Highlands
 Enga
 Gulf
 Hela
 Jiwaka
 Madang
 Manus
 Milne Bay
 New Ireland
 Oro",,Employers / Agents,Contract,",",2025-10-31T14:12:27.372359,html_output/job_24866.html,json_output/job_24866.json,4193,success
24859,Now Hiring: Independent Sales Consultants –No Experience Needed! | Commission-Based + Big Bonuses | Paid Weekly!,https://www.pngworkforce.com/jobs/view/independent-sales-consultants/24859,,"of Bougainville
 Central
 East Sepik
 East New Britain
 Eastern Highlands
 Enga
 Gulf
 Hela
 Jiwaka
 Madang
 Manus
 Milne Bay
 New Ireland
 Oro",,Employers / Agents,,",",2025-10-31T14:12:30.704278,html_output/job_24859.html,json_output/job_24859.json,2553,success
24858,"Cost Controller/Business Analyst - Eastern Highlands, Papua New Guinea",https://www.pngworkforce.com/jobs/view/cost-controller-business-analyst/24858,,"of Bougainville
 Central
 East Sepik
 East New Britain
 Eastern Highlands
 Enga
 Gulf
 Hela
 Jiwaka
 Madang
 Manus
 Milne Bay
 New Ireland
 Oro",,Employers / Agents,Contract,",",2025-10-31T14:12:33.048843,html_output/job_24858.html,json_output/job_24858.json,4076,success
24853,POSITION TITLE:DRIVER,https://www.pngworkforce.com/jobs/view/driver/24853,,"of Bougainville
 Central
 East Sepik
 East New Britain
 Eastern Highlands
 Enga
 Gulf
 Hela
 Jiwaka
 Madang
 Manus
 Milne Bay
 New Ireland
 Oro",,Employers / Agents,Contract,",",2025-10-31T14:12:44.445770,html_output/job_24853.html,json_output/job_24853.json,5000,success
24840,"Health & Safety Supervisor - Morobe, Papua New Guinea",https://www.pngworkforce.com/jobs/view/health-safety-supervisor/24840,,"of Bougainville
 Central
 East Sepik
 East New Britain
 Eastern Highlands
 Enga
 Gulf
 Hela
 Jiwaka
 Madang
 Manus
 Milne Bay
 New Ireland
 Oro",,Employers / Agents,,",",2025-10-31T14:12:47.822724,html_output/job_24840.html,json_output/job_24840.json,3346,success
24835,"Senior Legal Officer - Litigation - National Capital District, Papua New Guinea",https://www.pngworkforce.com/jobs/view/senior-legal-officer-litigation/24835,,"of Bougainville
 Central
 East Sepik
 East New Britain
 Eastern Highlands
 Enga
 Gulf
 Hela
 Jiwaka
 Madang
 Manus
 Milne Bay
 New Ireland
 Oro",,Employers / Agents,,",",2025-10-31T14:12:53.597266,html_output/job_24835.html,json_output/job_24835.json,4176,success
24834,DRIVER,https://www.pngworkforce.com/jobs/view/driver/24834,,"of Bougainville
 Central
 East Sepik
 East New Britain
 Eastern Highlands
 Enga
 Gulf
 Hela
 Jiwaka
 Madang
 Manus
 Milne Bay
 New Ireland
 Oro",,Employers / Agents,,",",2025-10-31T14:12:57.003214,html_output/job_24834.html,json_output/job_24834.json,2596,success
24826,"Engineer - Electrical (Power Generation) - Eastern Highlands, Eastern Highlands, Papua New Guinea",https://www.pngworkforce.com/jobs/view/engineer-electrical-power-generation/24826,,"of Bougainville
 Central
 East Sepik
 East New Britain
 Eastern Highlands
 Enga
 Gulf
 Hela
 Jiwaka
 Madang
 Manus
 Milne Bay
 New Ireland
 Oro",,Employers / Agents,Permanent,",",2025-10-31T14:13:00.396736,html_output/job_24826.html,json_output/job_24826.json,5000,success
24825,"E & I Technician  - Papua New Guinea, Papua New Guinea",https://www.pngworkforce.com/jobs/view/e-i-technician/24825,,"of Bougainville
 Central
 East Sepik
 East New Britain
 Eastern Highlands
 Enga
 Gulf
 Hela
 Jiwaka
 Madang
 Manus
 Milne Bay
 New Ireland
 Oro",,Employers / Agents,,",",2025-10-31T14:13:02.865847,html_output/job_24825.html,json_output/job_24825.json,5000,success
24799,To Apply,https://www.pngworkforce.com/jobs/view/project-administrator/24799,,"of Bougainville
 Central
 East Sepik
 East New Britain
 Eastern Highlands
 Enga
 Gulf
 Hela
 Jiwaka
 Madang
 Manus
 Milne Bay
 New Ireland
 Oro",,Employers / Agents,,",",2025-10-31T14:13:11.029369,html_output/job_24799.html,json_output/job_24799.json,4140,success
24798,To Apply,https://www.pngworkforce.com/jobs/view/auto-electrician-ii/24798,,"of Bougainville
 Central
 East Sepik
 East New Britain
 Eastern Highlands
 Enga
 Gulf
 Hela
 Jiwaka
 Madang
 Manus
 Milne Bay
 New Ireland
 Oro",,Employers / Agents,,",",2025-10-31T14:13:14.854081,html_output/job_24798.html,json_output/job_24798.json,2669,success
24797,To Apply,https://www.pngworkforce.com/jobs/view/floor-supervisor-front-of-house/24797,,"of Bougainville
 Central
 East Sepik
 East New Britain
 Eastern Highlands
 Enga
 Gulf
 Hela
 Jiwaka
 Madang
 Manus
 Milne Bay
 New Ireland
 Oro",,Employers / Agents,Contract,",",2025-10-31T14:13:18.011479,html_output/job_24797.html,json_output/job_24797.json,3827,success
24796,To Apply,https://www.pngworkforce.com/jobs/view/fleet-and-administration-coordinator/24796,,"of Bougainville
 Central
 East Sepik
 East New Britain
 Eastern Highlands
 Enga
 Gulf
 Hela
 Jiwaka
 Madang
 Manus
 Milne Bay
 New Ireland
 Oro",,Employers / Agents,,",",2025-10-31T14:13:21.115891,html_output/job_24796.html,json_output/job_24796.json,4868,success
24795,To Apply,https://www.pngworkforce.com/jobs/view/employee-services-supervisor/24795,,"of Bougainville
 Central
 East Sepik
 East New Britain
 Eastern Highlands
 Enga
 Gulf
 Hela
 Jiwaka
 Madang
 Manus
 Milne Bay
 New Ireland
 Oro",,Employers / Agents,,",",2025-10-31T14:13:24.519546,html_output/job_24795.html,json_output/job_24795.json,4179,success
24794,To Apply,https://www.pngworkforce.com/jobs/view/employee-services-officer/24794,,"of Bougainville
 Central
 East Sepik
 East New Britain
 Eastern Highlands
 Enga
 Gulf
 Hela
 Jiwaka
 Madang
 Manus
 Milne Bay
 New Ireland
 Oro",,Employers / Agents,,",",2025-10-31T14:13:27.753447,html_output/job_24794.html,json_output/job_24794.json,4388,success
24793,To Apply,https://www.pngworkforce.com/jobs/view/document-controller/24793,,"of Bougainville
 Central
 East Sepik
 East New Britain
 Eastern Highlands
 Enga
 Gulf
 Hela
 Jiwaka
 Madang
 Manus
 Milne Bay
 New Ireland
 Oro",,Employers / Agents,,",",2025-10-31T14:13:31.035220,html_output/job_24793.html,json_output/job_24793.json,3518,success
24764,"Team Lead - Supply - Eastern Highlands, Papua New Guinea",https://www.pngworkforce.com/jobs/view/team-lead-supply/24764,,"of Bougainville
 Central
 East Sepik
 East New Britain
 Eastern Highlands
 Enga
 Gulf
 Hela
 Jiwaka
 Madang
 Manus
 Milne Bay
 New Ireland
 Oro",,Employers / Agents,Permanent,",",2025-10-31T14:13:34.125031,html_output/job_24764.html,json_output/job_24764.json,5000,success
24747,Position: PC/Network Technician,https://www.pngworkforce.com/jobs/view/pc-network-technician/24747,,"of Bougainville
 Central
 East Sepik
 East New Britain
 Eastern Highlands
 Enga
 Gulf
 Hela
 Jiwaka
 Madang
 Manus
 Milne Bay
 New Ireland
 Oro",,Employers / Agents,,",",2025-10-31T14:13:37.315816,html_output/job_24747.html,json_output/job_24747.json,3069,success
24738,"Senior Mining Engineer - Eastern Highlands, Eastern Highlands, Papua New Guinea",https://www.pngworkforce.com/jobs/view/senior-mining-engineer/24738,,"of Bougainville
 Central
 East Sepik
 East New Britain
 Eastern Highlands
 Enga
 Gulf
 Hela
 Jiwaka
 Madang
 Manus
 Milne Bay
 New Ireland
 Oro",,Employers / Agents,Permanent,",",2025-10-31T14:13:40.447312,html_output/job_24738.html,json_output/job_24738.json,4866,success
